Workbook

Sheet Bewertung
A1: ALLTAGSENGEL — App-Bewertung & Umsatzprognose
A2: Stand: 4. April 2026 | Markt: Frankfurt am Main | §45b SGB XI + Privat
A4: AKTUELLE KENNZAHLEN
A5: Registrierte Nutzer | B5: 21
A6: Kunden | B6: 6
A7: Engel (Betreuer) | B7: 8
A8: Fahrer | B8: 4
A9: Buchungen gesamt | B9: 6
A10: Umsatz gesamt (€) | B10: 500.32
A11: Plattform-Gebühren (€) | B11: 34.64
A12: Ø Buchungswert (€) | B12: 83.39
A15: MARKTPOTENZIAL §45b SGB XI
A16: Einwohner Frankfurt (Rhein-Main) | B16: 2400000
A17: Anteil mit Pflegegrad (%) | B17: 0.045
A18: =personen mit pflegegrad -> #VALUE! | B18: =B16*B17 -> 108000
A19: §45b Budget pro Person/Monat (€) | B19: 125
A20: §45b Budget pro Person/Jahr (€) | B20: =B19*12 -> 1500
A21: Nutzungsquote §45b (%) | B21: 0.35
A22: =personen die §45b nutzen -> #N/A | B22: =B18*B21 -> 37800
A23: Erreichbarer Marktanteil Jahr 1 (%) | B23: 0.005
A24: Erreichbarer Marktanteil Jahr 2 (%) | B24: 0.02
A25: Erreichbarer Marktanteil Jahr 3 (%) | B25: 0.05
A26: Plattform-Provision (%) | B26: 0.15
A28: MARKTPOTENZIAL PRIVATKUNDEN
A29: Senioren 65+ in Rhein-Main (ohne Pflegegrad) | B29: 350000
A30: Interesse an Alltagsbegleitung (%) | B30: 0.03
A31: =potenzielle privatkunden -> #VALUE! | B31: =B29*B30 -> 10500
A32: Ø Buchungen pro Kunde/Monat | B32: 2
A33: Ø Stundensatz privat (€) | B33: 35
A34: Ø Stunden pro Buchung | B34: 2.5
A35: Plattform-Provision privat (%) | B35: 0.2
A36: Erreichbarer Marktanteil Jahr 1 (%) | B36: 0.01
A37: Erreichbarer Marktanteil Jahr 2 (%) | B37: 0.03
A38: Erreichbarer Marktanteil Jahr 3 (%) | B38: 0.07

Sheet 3-Jahres-Prognose
A1: ALLTAGSENGEL — 3-Jahres Umsatzprognose
B3: Heute | C3: Jahr 1 (Apr 27) | D3: Jahr 2 (Apr 28) | E3: Jahr 3 (Apr 29)
A4: §45b SGB XI UMSATZ
A5: Kunden §45b | B5: 3 | C5: =Bewertung!B22*Bewertung!B23 -> 189 | D5: =Bewertung!B22*Bewertung!B24 -> 756 | E5: =Bewertung!B22*Bewertung!B25 -> 1890
A6: Ø Umsatz/Kunde/Jahr §45b (€) | B6: 1000 | C6: =Bewertung!B20 -> 1500 | D6: =Bewertung!B20 -> 1500 | E6: =Bewertung!B20 -> 1500
A7: Bruttoumsatz §45b (€) | B7: =B5*B6 -> 3000 | C7: =C5*C6 -> 283500 | D7: =D5*D6 -> 1134000 | E7: =E5*E6 -> 2835000
A8: Plattform-Ertrag §45b (€) | B8: =B7*Bewertung!B26 -> 450 | C8: =C7*Bewertung!B26 -> 42525 | D8: =D7*Bewertung!B26 -> 170100 | E8: =E7*Bewertung!B26 -> 425250
A10: PRIVATKUNDEN UMSATZ
A11: Kunden privat | B11: 2 | C11: =Bewertung!B31*Bewertung!B36 -> 105 | D11: =Bewertung!B31*Bewertung!B37 -> 315 | E11: =Bewertung!B31*Bewertung!B38 -> 735
A12: Ø Umsatz/Kunde/Jahr privat (€) | B12: 1500 | C12: =Bewertung!B32*Bewertung!B33*Bewertung!B34*12 -> 2100 | D12: =C12 -> 2100 | E12: =C12 -> 2100
A13: Bruttoumsatz privat (€) | B13: =B11*B12 -> 3000 | C13: =C11*C12 -> 220500 | D13: =D11*D12 -> 661500 | E13: =E11*E12 -> 1543500
A14: Plattform-Ertrag privat (€) | B14: =B13*Bewertung!B35 -> 600 | C14: =C13*Bewertung!B35 -> 44100 | D14: =D13*Bewertung!B35 -> 132300 | E14: =E13*Bewertung!B35 -> 308700
A16: GESAMT
A17: Bruttoumsatz gesamt (€) | B17: =B7+B13 -> 6000 | C17: =C7+C13 -> 504000 | D17: =D7+D13 -> 1795500 | E17: =E7+E13 -> 4378500
A18: Plattform-Ertrag gesamt (€) | B18: =B8+B14 -> 1050 | C18: =C8+C14 -> 86625 | D18: =D8+D14 -> 302400 | E18: =E8+E14 -> 733950
A20: APP-BEWERTUNG
A21: Bewertungs-Multiple (x Jahresumsatz) | C21: 3 | D21: 4 | E21: 5
A22: GESCHÄTZTER WERT (€) | C22: =C18*C21 -> 259875 | D22: =D18*D21 -> 1209600 | E22: =E18*E21 -> 3669750
A24: Hinweis: Blaue Zahlen sind Annahmen — änderbar. Schwarze Zahlen sind Formeln.
A25: Multiple: SaaS/Plattformen 3-5x Jahresumsatz (Frühphase), 8-15x (Wachstum)
